09/10/2026;Beta 1;Beta 2;Beta 3;Beta 4;Lambda 1;Lambda 2
PREFIXADOS;0,11977147726174;0,018489961961487;-4,58301615075328E-02;3,58319281748558E-02;0,887669138508503;0,377434237188519
IPCA;6,32419992460024E-02;-3,77397467369023E-02;4,83634862722349E-02;1,01668003510658E-02;2,13286645425394;0,210836740714491

ETTJ Inflação Implicita (IPCA)
Vertices;ETTJ IPCA;ETTJ PREF;Inflação Implícita
252;6,2834;12,5792;5,9235
378;6,5760;12,3781;5,4440
504;6,6644;12,3056;5,2887
630;6,6891;12,3019;5,2608
756;6,6952;12,3314;5,2825
882;6,6966;12,3739;5,3209
1.008;6,6971;12,4179;5,3617
1.134;6,6975;12,4577;5,3986
1.260;6,6977;12,4907;5,4293
1.386;6,6976;12,5162;5,4533
1.512;6,6971;12,5343;5,4708
1.638;6,6960;12,5458;5,4826
1.764;6,6943;12,5516;5,4897
1.890;6,6921;12,5527;5,4930
2.016;6,6894;12,5500;5,4931
2.142;6,6862;12,5442;5,4908
2.268;6,6825;12,5361;5,4869
2.394;6,6785;12,5263;5,4817
2.520;6,6742;12,5151;5,4754
2.646;6,6695;;
2.772;6,6647;;
2.898;6,6597;;
3.024;6,6545;;
3.150;6,6492;;
3.276;6,6439;;
3.402;6,6385;;
3.528;6,6330;;
3.654;6,6276;;
3.780;6,6222;;
3.906;6,6168;;
4.032;6,6115;;
4.158;6,6062;;
4.284;6,6010;;
4.410;6,5959;;
4.536;6,5908;;
4.662;6,5859;;
4.788;6,5810;;
4.914;6,5763;;
5.040;6,5716;;
5.166;6,5671;;
5.292;6,5626;;
5.418;6,5583;;
5.544;6,5540;;
5.670;6,5499;;
5.796;6,5459;;
5.922;6,5419;;
6.048;6,5381;;
6.174;6,5344;;
6.300;6,5307;;
6.426;6,5272;;
6.552;6,5238;;
6.678;6,5204;;
6.804;6,5172;;
6.930;6,5140;;
7.056;6,5109;;
7.182;6,5079;;
7.308;6,5050;;
7.434;6,5021;;
7.560;6,4994;;
7.686;6,4967;;
7.812;6,4941;;
7.938;6,4915;;
8.064;6,4890;;
8.190;6,4866;;
8.316;6,4843;;

PREFIXADOS (CIRCULAR 3.361)
Vertices;Taxa (%a.a.)
21;13,6532
42;13,4965
63;13,3549
126;13,0079
252;12,5792
504;12,3056
756;12,3314
1.008;12,4179
1.260;12,4907
2.520;12,5151

Erro Título a Título
Titulo;SELIC;Vencimento;Erro (%a.a.)
LTN;100000;01/04/2027;-0,0376
LTN;100000;01/07/2027;-0,0227
LTN;100000;01/10/2027;-0,0733
LTN;100000;01/01/2028;-0,0694
LTN;100000;01/04/2028;-0,0143
LTN;100000;01/07/2028;0,0528
LTN;100000;01/10/2028;-0,0302
LTN;100000;01/01/2029;-0,0315
LTN;100000;01/07/2029;-0,0852
LTN;100000;01/01/2030;-0,0303
LTN;100000;01/01/2032;0,0148
NTN-F;950199;01/01/2027;0,1683
NTN-F;950199;01/01/2029;0,1525
NTN-F;950199;01/01/2031;0,0095
NTN-F;950199;01/01/2033;-0,0112
NTN-F;950199;01/01/2035;-0,0049
NTN-F;950199;01/01/2037;0,0059
NTN-B;760199;15/05/2027;0,0196
NTN-B;760199;15/08/2028;-0,0547
NTN-B;760199;15/05/2029;0,0325
NTN-B;760199;15/08/2030;0,0117
NTN-B;760199;15/05/2031;0,0072
NTN-B;760199;15/08/2032;0,0042
NTN-B;760199;15/05/2033;0,0077
NTN-B;760199;15/05/2035;-0,0109
NTN-B;760199;15/05/2037;-0,0407
NTN-B;760199;15/08/2040;0,0356
NTN-B;760199;15/05/2045;0,0073
NTN-B;760199;15/08/2050;-0,0162
NTN-B;760199;15/05/2055;0,0068
NTN-B;760199;15/08/2060;-0,0029

