curva,ano,legado,corrigido,dif_bps,bps_erro de colagem,bps_anualização,bps_corte em 31/12,bps_realizado,bps_calendário,bps_acumulação,bps_interpolação
di,2026,0.1347318473450274,0.1395579534236382,48.261061,0.000000,-0.000000,-904.741622,953.242671,0.000000,-0.000000,-0.239988
di,2027,0.13677045820824163,0.13540614782569316,-13.643104,-9.881951,-0.000000,-18.118475,0.000000,-5.707299,17.823997,2.240624
di,2028,0.13972241711392863,0.1395237718327218,-1.986453,-10.854592,0.000000,-18.161001,0.000000,-23.457809,50.872377,-0.385427
di,2029,0.14117884776299028,0.14310576875299552,19.269210,-6.192574,0.000000,-11.620924,0.000000,-18.209154,55.945059,-0.653197
di,2030,0.1419084912168287,0.1452985347440574,33.900435,-2.915963,0.000000,-6.181533,0.000000,-0.375319,43.852190,-0.478940
di,2031,0.1421659309263119,0.14435673363794166,21.908027,-0.826521,0.000000,-2.557616,0.000000,-0.173493,25.775788,-0.310131
di,2032,0.14213241792754916,0.1429423100836249,8.098922,0.445066,-0.000000,-0.292873,0.000000,-0.045263,8.183370,-0.191379
di,2033,0.14192628710382205,0.1408628729514365,-10.634142,1.189765,0.000000,1.067985,0.000000,-5.987450,-6.790130,-0.114312
di,2034,0.1416246573279203,0.13772575770916595,-38.988996,1.593062,0.000000,1.838778,0.000000,-23.931625,-18.430265,-0.058946
di,2035,0.14130845361874078,0.13714602349399008,-41.624301,1.769459,-0.000000,1.925482,0.000000,-17.811028,-27.481263,-0.026951
di,2036,0.14124799999997006,0.13857962235899368,-26.683776,1.790000,0.000000,0.103029,0.000000,6.053795,-10.006724,-24.623876
inflation,2026,0.0627634558712995,0.0526114000736464,-101.520558,0.000000,0.000000,-433.301316,331.780758,0.000000,0.000000,0.000000
inflation,2027,0.06170699177164907,0.061314776682989125,-3.922151,0.000000,0.000000,28.363319,0.000000,-2.565819,-24.287611,-5.432041
inflation,2028,0.0592127421259423,0.054386277807901395,-48.264643,0.000000,-0.000000,8.888401,0.000000,-9.531335,-52.890392,5.268682
inflation,2029,0.05975990724613989,0.059902927250502946,1.430200,0.000000,0.000000,-4.551113,0.000000,-7.389339,12.746533,0.624120
inflation,2030,0.060485003565668105,0.06280699333891415,23.219898,0.000000,-0.000000,-4.634036,0.000000,-0.240444,28.181287,-0.086909
inflation,2031,0.0610164184767521,0.06332667599135045,23.102575,0.000000,0.000000,-3.300175,0.000000,-0.179541,26.709732,-0.127441
inflation,2032,0.061385403022744534,0.06337391258804481,19.885096,0.000000,-0.000000,-2.299051,0.000000,-0.124087,22.393553,-0.085319
inflation,2033,0.06165391387604369,0.06310566320262567,14.517493,0.000000,0.000000,-1.693111,0.000000,-2.607295,18.869145,-0.051246
inflation,2034,0.06186391724701257,0.06236444535063024,5.005281,0.000000,0.000000,-1.341282,0.000000,-10.182728,16.561262,-0.031972
inflation,2035,0.062025902295768987,0.06271168652300374,6.857842,0.000000,-0.000000,-0.997076,0.000000,-7.695469,15.569385,-0.018997
inflation,2036,0.06205399999998251,0.06384108717428627,17.870872,0.000000,0.000000,-0.049431,0.000000,2.508546,4.802965,10.608792
cds,2026,0.004567000000014643,0.004566999999999766,-0.000000,0.000000,0.000000,0.000000,0.000000,0.000000,-0.000000,0.000000
cds,2027,0.005040834357565416,0.0063108395010758045,12.700051,0.000000,0.000000,0.095955,0.000000,-0.229812,10.297113,2.536796
cds,2028,0.006465717866531717,0.009060221451228978,25.945036,0.000000,0.000000,0.119153,0.000000,-1.215555,26.111671,0.929767
cds,2029,0.008248988387849598,0.013611433889990643,53.624455,0.000000,0.000000,0.160224,0.000000,-1.504941,54.559037,0.410135
cds,2030,0.010410121295110875,0.018598916008660815,81.887947,0.000000,0.000000,0.175671,0.000000,-0.703321,82.719687,-0.304090
cds,2031,0.012543792974743617,0.02279945331090416,102.556603,0.000000,0.000000,0.164896,0.000000,-0.659722,98.565130,4.486300
cds,2032,0.014604259958683308,0.027493741836182695,128.894819,0.000000,0.000000,0.162698,0.000000,-0.650794,117.942192,11.440722
cds,2033,0.01663378424338724,0.028163345693768882,115.295615,0.000000,0.000000,0.149382,0.000000,-1.299026,127.632876,-11.187617
cds,2034,0.01820592628499318,0.030572967423937225,123.670411,0.000000,0.000000,0.109815,0.000000,-3.511534,105.476235,21.595896
cds,2035,0.019589593057979693,0.030698118688942566,111.085256,0.000000,0.000000,0.109815,0.000000,-3.142329,119.536929,-5.419158
cds,2036,0.020940677803211516,0.030562657422262163,96.219796,0.000000,0.000000,0.088625,0.000000,0.129533,114.463968,-18.462331
real,2026,0.0677181653886707,0.0826008091342243,148.826437,0.000000,-0.000000,-433.670280,582.724711,0.000000,-0.000000,-0.227993
real,2027,0.07070073666119092,0.06981092958515811,-8.898071,-9.307607,-0.000000,-45.522527,0.000000,-2.794494,41.143735,7.582823
real,2028,0.07600897514355398,0.08074601862405073,47.370435,-10.247792,0.000000,-26.144563,0.000000,-12.497487,102.029105,-5.768828
real,2029,0.07682772292115025,0.07850043561850462,16.727127,-5.843375,0.000000,-6.346444,0.000000,-9.693413,39.861783,-1.251424
real,2030,0.0767794804993851,0.07761667162726127,8.371911,-2.749650,0.000000,-1.125423,0.000000,-0.109912,12.719410,-0.362514
real,2031,0.07648280557812859,0.07620429307018561,-2.785125,-0.778989,0.000000,0.937797,0.000000,0.018651,-2.799909,-0.162674
real,2032,0.076076997737903,0.07482635839911289,-12.506393,0.419325,0.000000,2.055477,0.000000,0.083207,-14.970668,-0.093734
real,2033,0.07561067894028484,0.07314156291347906,-24.691160,1.120671,0.000000,2.721946,0.000000,-2.998439,-25.479542,-0.055796
real,2034,0.07511389998795259,0.07093734423092712,-41.765558,1.500251,0.000000,3.090250,0.000000,-12.236464,-34.096337,-0.023256
real,2035,0.07465218235410975,0.07004189180841869,-46.102905,1.666117,0.000000,2.822379,0.000000,-8.987948,-41.597220,-0.006232
real,2036,0.07456682993519048,0.07025347684514016,-43.133531,1.685413,0.000000,0.147031,0.000000,3.160816,-14.274098,-33.852693
